--Schema bereits erstellt

ALTER DATABASE forschungsdatenbank 
    DEFAULT CHARACTER SET utf8 
    DEFAULT COLLATE utf8_unicode_ci;

-- Erstellen der Tabellen

CREATE TABLE repositorium ( 
    repositorium_id INT UNSIGNED NOT NULL AUTO_INCREMENT,             
    repositorium_name VARCHAR(250) NOT NULL,          
    repositorium_relevanz TINYINT NOT NULL,  
    repositorium_url VARCHAR(2083) NOT NULL,          
    repositorium_relink VARCHAR(2083),
    repositorium_veroeffentlichungspflicht BOOLEAN,
    repositorium_beschreibung TEXT,
    repositorium_inredata BOOLEAN,
    repositorium_openaccess BOOLEAN,    
    repositorium_multiplemeta BOOLEAN,
    repositorium_ontologie VARCHAR(500),
    repositorium_kosten TINYINT,
    repositorium_sharing BOOLEAN,
    repositorium_reuse BOOLEAN,
    repositorium_input BOOLEAN,    
    repositorium_inputrules VARCHAR(1000),
    repositorium_preservation BOOLEAN,
    repositorium_embargo BOOLEAN,
    PRIMARY KEY (repositorium_id), 
    UNIQUE unique_title (repositorium_name)
) ENGINE = InnoDB DEFAULT CHARSET=utf8 COLLATE=utf8_unicode_ci;

CREATE TABLE fachbereich ( 
    fachbereich_id INT UNSIGNED NOT NULL AUTO_INCREMENT, 
    repositorium_id INT UNSIGNED NOT NULL,
    fachbereich_informatik BOOLEAN,
    fachbereich_mathematik BOOLEAN,
    fachbereich_maschinenbau BOOLEAN,
    fachbereich_landwirtumwelt BOOLEAN,
    fachbereich_chemie Boolean,
    fachbereich_geoinformation BOOLEAN,
    fachbereich_bwl BOOLEAN,
    fachbereich_bauingeneurwesen BOOLEAN,
    fachbereich_design BOOLEAN,
    fachbereich_elektrotechnik BOOLEAN,
    PRIMARY KEY (fachbereich_id), 
    CONSTRAINT FOREIGN KEY (repositorium_id)
    REFERENCES repositorium (repositorium_id) 
    ON UPDATE CASCADE
    ON DELETE CASCADE
) ENGINE = InnoDB DEFAULT CHARSET=utf8 COLLATE=utf8_unicode_ci;

CREATE TABLE persistent ( 
    persistent_id INT UNSIGNED NOT NULL AUTO_INCREMENT, 
    repositorium_id INT UNSIGNED NOT NULL,
    persistent_hdl BOOLEAN,
    persistent_ark BOOLEAN,
    persistent_otherid BOOLEAN,
    persistent_noid BOOLEAN,
    persistent_doi Boolean,
    PRIMARY KEY (persistent_id), 
    CONSTRAINT FOREIGN KEY (repositorium_id)
    REFERENCES repositorium (repositorium_id) 
    ON UPDATE CASCADE
    ON DELETE CASCADE
) ENGINE = InnoDB DEFAULT CHARSET=utf8 COLLATE=utf8_unicode_ci;

CREATE TABLE daten ( 
    daten_id INT UNSIGNED NOT NULL AUTO_INCREMENT, 
    repositorium_id INT UNSIGNED NOT NULL,
    daten_wissenschaftundstatistisch BOOLEAN,
    daten_bilder BOOLEAN,
    daten_strukturiertegrafik BOOLEAN,
    daten_rohdaten BOOLEAN,
    daten_software BOOLEAN,
    daten_anders BOOLEAN,
    daten_unbekannt BOOLEAN,
    daten_audiovisuell BOOLEAN,
    daten_archiviertedaten Boolean,
    daten_datenbank BOOLEAN,
    daten_konfigurationsdaten BOOLEAN,
    daten_quellcode BOOLEAN,
    daten_officetextunddokumente BOOLEAN,
    daten_strukturiertertext BOOLEAN,
    PRIMARY KEY (daten_id), 
    CONSTRAINT FOREIGN KEY (repositorium_id)
    REFERENCES repositorium (repositorium_id) 
    ON UPDATE CASCADE
    ON DELETE CASCADE
) ENGINE = InnoDB DEFAULT CHARSET=utf8 COLLATE=utf8_unicode_ci;

-- Einfügen der Tupel für die Relation Fachbereiche

INSERT INTO repositorium VALUES


(19, 'The National Science Digital Library (NSDL)', 2, 'https://nsdl.oercommons.org/', 'https://www.re3data.org/repository/r3d100010801', 1, 'Bildungsressourcen zu naturwissenschaftlichen, technischen, ingenieurwissenschaftlichen und mathematischen  Disziplinen', 1, 1, 1, '', 1, 0, 1, 0, '', 0, 0),
(20, '4TU.Centre for Research Data', 2, 'http://researchdata.4tu.nl/en/home/', 'https://www.re3data.org/repository/r3d100010216', 0, 'Langzeitarchiv für wissenschaftliche Forschungsdaten', 1, 1, 0, 'RDF Data Cube Vocabulary,  Dublin Core, DataCite Metadata Schema, DDI - Data Documentation Initiative', 3, 0, 1, 1, 'Input-Fokus liegt auf den Niederlanden', 1, 0),
(21, 'figshare', 3, 'http://figshare.com/', 'https://www.re3data.org/repository/r3d100010066', 0, 'Plattform zur Veröffentlichung von Forschungsdaten', 1, 1, 0, 'DataCite Metadata Schema,  Dublin Core', 3, 1, 1, 1, '', 1, 0),
(22, 'MatDat.com (Material Properties Database and Estimation Tools)', 1, 'https://www.matdat.com/', 'https://www.re3data.org/repository/r3d100012223', 1, 'Repositorium für Aluminium und Titanlegierungen, Gusseisen, Stahl und Schweißmetalle', 1, 0, 0, '', 2, 0, 1, 1, 'Die Datenbank wird scheinbar nicht mehr gepflegt, zumindest sind die News von 2016', 1, 0),
(23, 'Geoportal der BFG (Gewässerkundliches Geografisches Informations- und Analysesystem der BfG)', 1, 'https://geoportal.bafg.de/portal/Start.do', 'https://www.re3data.org/repository/r3d100011664', 1, 'hydrologische und ökologische Datensammlung der Bundesanstalt für Gewässerkunde', 1, 1, 0, 'ISO 19115', 3, 0, 1, 0, '', 1, 0),
(24, 'Scripps Institute of Oceanography Explorer (SIO Explorer)', 1, 'http://siox.sdsc.edu/', 'https://www.re3data.org/repository/r3d100010843', 1, 'Plattform für Datensammlung und -aufbereitung ozeanographischer Daten', 1, 1, 1, '', 1, 0, 1, 0, '', 1, 0),
(25, 'CDS National Chemical Database Service (NCDS)', 1, 'http://cds.rsc.org/index.asp', 'https://www.re3data.org/repository/r3d100012302', 1, 'Von der Royal Society of Chemistry betriebenes Repositorium der Chemie', 1, 1, 0, '', 3, 0, 1, 1, 'Input-Fokus liegt auf  GB', 0, 0),
(26, 'Chemical Database Service (CDS)', 1, 'https://cds.dl.ac.uk/', 'http://www.re3data.org/repository/r3d100000021', 1, 'Von der Royal Society of Chemistry betriebenes Repositorium der Chemie', 1, 1, 0, '', 3, 0, 1, 1, '', 0, 0),
(27, 'Benchmark Energy & Geometry Database (BEGDB)', 1, 'http://www.begdb.com/', 'https://www.re3data.org/repository/r3d100011166', 1, 'Repositorium für publizierte chemische Berechnungen von molekularen Strukturen, Energien und Eigenschaften', 1, 1, 0, '', 3, 0, 1, 0, 'Input in Progress', 0, 0),
(28, 'FooDB (Food Database)', 1, 'http://foodb.ca/', 'https://www.re3data.org/repository/r3d100012152', 1, 'Datenbank zu Nahrungsbestandteilen und Inhaltsstoffen', 1, 1, 0, '', 1, 0, 1, 0, '', 0, 0),
(29, 'World Data Centre for Precipitation Chemistry (WDCPC)', 1, 'http://wdcpc.org/', 'https://www.re3data.org/repository/r3d100010098', 1, 'Repositorium chemischer Niederschlagsdaten und ergänzender Informationen', 1, 1, 0, '', 1, 0, 1, 0, '', 0, 0),
(30, 'Nucleic Acid Database (NDB)', 1, 'http://ndbserver.rutgers.edu/', 'https://www.re3data.org/repository/r3d100010551', 0, 'Repositorium dreidimensionaler Strukturen von Nukleinsäuren', 1, 1, 0, 'Described in Journal of Molecular Biology (2001) 313: 229 - 237', 1, 0, 1, 1, '', 0, 0),
(31, 'Protein Data Bank in Europe (PDBE)', 1, 'http://www.ebi.ac.uk/pdbe/', 'https://www.re3data.org/repository/r3d100010538', 1, 'Repositorium biologischer makromolekulare Strukturen und Proteine', 1, 1, 0, '', 1, 0, 1, 1, '', 0, 0),
(32, 'Worldwide Protein Data Bank', 1, 'http://www.wwpdb.org/', 'https://www.re3data.org/repository/r3d100011104', 1, 'Proteindatenbank', 1, 1, 0, '', 3, 0, 1, 1, '', 0, 1),
(33, 'DSpace@MIT', 1, 'http://dspace.mit.edu/', 'https://www.re3data.org/repository/r3d100010599', 1, 'naturwissenschaftliche Datenbank des MIT', 1, 1, 0, '', 1, 0, 1, 1, 'Primär Nachnutzung', 1, 0),
(34, 'Center for International Earth Science Information Network (CIESIN)', 1, 'http://www.ciesin.columbia.edu/data.html', 'https://www.re3data.org/repository/r3d100010207', 1, 'Repositorium globaler Umweltdaten des Earth Institute (Columbia University)', 1, 1, 0, 'FGDCCSDGM - Federal Geographic Data Committee Content Standard for Digital Geospatial Metadata', 1, 0, 1, 0, 'Wird nicht aktuell betrieben (Homepage von 2011???)', 0, 0),
(35, 'European Union Open Data Portal', 2, 'https://data.europa.eu/euodp/en/data', 'https://www.re3data.org/repository/r3d100011728', 1, 'Datenportal der Europäischen Union für alle Forschungsschwerpunkte', 1, 1, 0, 'Dublin Core, DCAT - Data Catalog Vocabulary', 1, 0, 1, 1, '', 0, 0),
(36, 'Nanomaterial Registry', 1, 'https://www.nanomaterialregistry.org/', 'https://www.re3data.org/repository/r3d100011129', 1, 'Datenbank für Nanomaterialien, einschließlich ihrer physikalisch-chemischen Eigenschaften', 1, 1, 0, '', 3, 0, 1, 0, '', 0, 0),
(37, 'nanoHUB', 2, 'https://nanohub.org/', 'https://www.re3data.org/repository/r3d100011808', 1, 'Repositorium für Nanotechnologie und computergestützte Forschung', 1, 1, 1, 'Dublin Core', 3, 0, 1, 1, '', 0, 0),
(38, 'UWA Research Repository', 1, 'http://research-repository.uwa.edu.au/', 'https://www.re3data.org/repository/r3d100011898', 1, 'Allgemeine Datenbank der University of Western Australia', 1, 1, 1, 'Dublin Core', 1, 0, 1, 1, 'Australian related', 1, 0),
(39, 'MatDB', 1, 'https://odin.jrc.ec.europa.eu/alcor/Main.jsp', 'https://www.re3data.org/repository/r3d100011378', 1, 'Repositorium für experimentell gemessene technische Materialdaten', 1, 1, 1, '', 1, 0, 1, 0, '', 1, 0),
(40, 'NoMaD Repository (Novel Materials Discovery)', 2, 'http://nomad-repository.eu/', 'https://www.re3data.org/repository/r3d100011583', 1, 'Repositorium für Materialdaten', 1, 1, 0, '', 1, 0, 1, 1, 'Zugang ist theoretisch offen, aber Nutzer können den Zugang beschränken (max. 3 Jahre)', 0, 1),
(41, 'The National Map', 1, 'https://nationalmap.gov/', 'https://www.re3data.org/repository/r3d100011782', 1, 'Datenbank für topografische Informationen der USA', 1, 1, 1, 'FGDCCSDGM - Federal Geographic Data Committee Content Standard for Digital Geospatial Metadata, ISO 19115', 1, 0, 1, 1, '', 0, 0),
(42, 'Citrination', 1, 'https://citrination.com/users/sign_in', 'https://www.re3data.org/repository/r3d100012077', 0, 'Datenbank für Material- und Chemikalieninformationen', 1, 1, 0, '', 3, 0, 1, 1, 'Registrierung notwendig', 0, 0),
(43, 'NIST Standard Reference Data', 1, 'https://www.nist.gov/srd', 'https://www.re3data.org/repository/r3d100011139', 1, 'Repositorium des National Institutes of Standards and Technology', 1, 1, 1, '', 3, 0, 1, 1, '', 0, 0),
(44, 'Edmond', 1, 'https://edmond.mpdl.mpg.de/imeji/', 'https://www.re3data.org/repository/r3d100011387', 1, 'Repositorium der Max-Planck-Gesellschaft für öffentliche Forschungsdaten', 1, 1, 0, '', 3, 0, 1, 0, '', 0, 0),
(45, 'Inorganic Crystal Structure Database (ICSD)', 1, 'https://icsd.fiz-karlsruhe.de/search/index.xhtml;jsessionid=6D6DA9315EF40BB801A68DC168541CB5', 'https://www.re3data.org/repository/r3d100010085', 1, 'Datenbank für anorganische Kristallstrukturen des Leibnitz-Instituts für Informationsinfrastruktur', 1, 1, 0, '', 3, 0, 1, 0, 'Nachnutzung ist kostenpflichtig und Anmeldung erforderlich', 0, 0),
(46, 'The Content Name Collection (CNC)', 1, 'http://www.icn-names.net/', 'https://www.re3data.org/repository/r3d100011396', 1, 'Repositorium für Datensätze mit Inhaltsnamen der Universität Basel', 1, 1, 0, '', 3, 0, 1, 0, '', 0, 0),
(47, 'DIGITAL.CSIC', 1, 'https://digital.csic.es/?locale=en', 'https://www.re3data.org/repository/r3d100011076', 1, 'Allgemeines Repositorium des Spanischen Nationalen Forschungsrat (CSIC)', 1, 1, 1, 'Dublin Core', 3, 0, 1, 0, '', 0, 0),
(48, 'OpenML (Open Machine Learning)', 2, 'https://www.openml.org/', 'https://www.re3data.org/repository/r3d100011098', 1, 'Plattform für maschinelles Lernen', 1, 1, 0, '', 3, 1, 1, 1, 'Arbeitsumgebung mit Prozessen zum Machine-Learning', 0, 0),
(49, 'Launchpad', 3, 'https://code.launchpad.net/', 'https://www.re3data.org/repository/r3d100010373', 1, 'Plattform, welche Bug-Tracking, Code-Hosting mit Bazaar, Code-Bewertungen, Ubuntu-Paket-Erstellung und Hosting, Übersetzungen, Mailing-Listen, Antwort-Tracking und FAQs sowie Spezifikation Tracking anbietet', 1, 1, 1, '', 3, 1, 1, 1, '', 0, 0),
(50, 'FLOSSmole', 2, 'https://flossmole.org/', 'https://www.re3data.org/repository/r3d100010863', 1, 'Sammlung von Open Source Software', 1, 1, 1, '', 3, 0, 1, 1, '', 0, 0),
(51, 'OpenEI (OpenEnergyInfo)', 1, 'https://openei.org/wiki/Main_Page', 'https://www.re3data.org/repository/r3d100010060', 1, 'saubere Energiesysteme des US-Energieministeriums für Energieeffizienz und erneuerbare Energien', 1, 1, 1, '', 3, 0, 1, 0, 'Daten und Apps', 0, 0),
(52, 'Internet Archive', 1, 'https://archive.org/', 'https://www.re3data.org/repository/r3d100011015', 0, 'Archiv für, Audio-, Film- und Bilddaten, software sowie archivierte Websiten', 1, 1, 0, '', 1, 0, 1, 1, 'Registrierung notwendig, nicht auf Forschungsdaten beschränkt', 1, 1),
(53, 'CiteSeerX', 1, 'http://citeseerx.ist.psu.edu/index', 'https://www.re3data.org/repository/r3d100000027', 1, 'Repositorium und Suchmaschine für Computer- und Informationswissenschaften', 1, 1, 0, '', 3, 0, 1, 0, 'Nachnutzung für Literatur', 0, 0),
(54, 'Materials Cloud Archive', 2, 'https://www.materialscloud.org/archive/recent', 'https://www.re3data.org/repository/r3d100012611', 1, 'Langzeitarchiv für Forschungsdaten aus den Materialwissenschaften', 1, 1, 0, '', 3, 0, 1, 1, '', 1, 0),
(55, 'US Department of Commerce, Bureau of Economic Analysis, Interactive Data', 1, 'https://www.bea.gov/itable/index.cfm', 'https://www.re3data.org/repository/r3d100010187', 1, 'Repositorium für Statistiken und Wirtschaftsdaten', 1, 1, 0, '', 3, 0, 1, 0, '', 0, 0),
(56, 'Maddison Project', 1, 'https://www.rug.nl/ggdc/historicaldevelopment/maddison/', 'https://www.re3data.org/repository/r3d100012238', 1, 'Repositorium zum BIP aller Länder zwischen 1820 und 2010', 1, 1, 0, '', 3, 0, 1, 0, '', 0, 0),
(57, 'UK Data Service', 1, 'https://www.ukdataservice.ac.uk/', 'https://www.re3data.org/repository/r3d100010230', 0, 'Repositorium für wirtschaftliche und soziale Daten mit Fokus auf das Vereinigte Königreich', 1, 1, 0, '', 3, 0, 1, 1, 'Registrierung notwendig', 0, 0),
(58, 'LMU-ifo Economics & Business Data Center (EBDC)', 2, 'http://www.cesifo-group.de/ifoHome/facts/EBDC.html', 'https://www.re3data.org/repository/r3d100010201', 0, 'Datensammlung zu deutschen Unternehmen', 1, 1, 0, '', 3, 0, 1, 1, 'Registrierung notwendig', 0, 0),
(59, 'Research Data Centre FDZ-IWH', 1, 'http://www.iwh-halle.de/en/research/data-and-analysis/research-data-centre/', 'https://www.re3data.org/repository/r3d100012253', 1, 'Repositorium für Wirtschaftsdaten', 1, 0, 0, '', 1, 0, 1, 0, 'Registrierung notwendig', 0, 0),
(60, 'Federal Reserve Economic Data (FRED)', 2, 'https://fred.stlouisfed.org/', 'https://www.re3data.org/repository/r3d100010158', 1, 'Wirtschaftsdaten', 1, 1, 1, '', 3, 0, 1, 0, '', 0, 0),
(61, 'American FactFinder', 2, 'https://factfinder.census.gov/faces/nav/jsf/pages/index.xhtml', 'https://www.re3data.org/repository/r3d100010768', 1, 'Repositorium für Wirtschaftsdaten der USA', 1, 1, 1, 'FGDCCSDGM - Federal Geographic Data Committee Content Standard for Digital Geospatial Metadata', 3, 0, 1, 0, '', 0, 0),
(62, 'Gateway to Global Aging Data (RAND Survey Meta Data Repository)', 1, 'https://g2aging.org/', 'https://www.re3data.org/repository/r3d100010879', 1, 'Repositorium für weltweite Bevölkerungsumfragen zum Altern', 1, 0, 0, '', 3, 0, 1, 0, 'Registrierung notwendig', 0, 0),
(63, 'Undata (United Nations Data)', 2, 'http://data.un.org/', 'https://www.re3data.org/repository/r3d100010762', 1, 'Datensammlung zu den Vereinten Nationen', 1, 1, 1, '', 3, 0, 1, 0, '', 0, 0),
(64, 'DataFirst (African Microdata)', 1, 'https://www.datafirst.uct.ac.za/', 'https://www.re3data.org/repository/r3d100010217', 1, 'Datensammlung aus afrikanischen sozioökonomischen Umfragen der Universität Kapstadt', 1, 1, 0, 'Dublin Core,  DDI - Data Documentation Initiative', 3, 0, 1, 0, 'Teilweise Registrierung notwendig', 1, 0),
(65, 'OECD iLibrary Statistics', 2, 'https://www.oecd-ilibrary.org/statistics', 'https://www.re3data.org/repository/r3d100010324', 1, 'Datensammlung verschiedener primär wirtschaftlicher Institutionen der Organisation for Economic Cooperation and Development (OECD)', 1, 1, 1, '', 3, 0, 1, 0, '', 0, 0),
(66, 'Comparative Agendas Project (CAP)', 1, 'https://www.comparativeagendas.net/', 'https://www.re3data.org/repository/r3d100010839', 1, 'Repositorium für Informationen über politischen Prozesse von Regierungen', 1, 1, 1, '', 3, 0, 1, 0, '', 0, 0),
(67, 'ALLBUS (Die Allgemeine Bevölkerungsumfrage der Sozialwissenschaften)', 2, 'https://www.gesis.org/en/allbus/allbus-home/', 'https://www.re3data.org/repository/r3d100010249', 1, 'Repositorium deutscher Bevölkerungsumfragen', 1, 1, 0, 'DDI - Data Documentation Initiative', 3, 0, 1, 0, '', 0, 0),
(68, 'The GTAP Data Base (Global Trade, Assistance, and Production)', 1, 'https://www.gtap.agecon.purdue.edu/databases/default.asp', 'https://www.re3data.org/repository/r3d100011281', 1, 'Repositorium für Handelsdaten verschiedener Länder', 1, 1, 1, '', 3, 0, 1, 0, '', 0, 0),
(69, 'GESIS Datenbestandskatalog DBK', 2, 'https://dbk.gesis.org/dbksearch/home.asp?db=d', 'https://www.re3data.org/repository/r3d100010251', 0, 'Repositorium für Daten aus Sozial- und Politikwissenschaft', 1, 1, 1, 'DDI - Data Documentation Initiative', 2, 0, 1, 1, '', 0, 0),
(70, 'Grouplens Datasets', 1, 'https://grouplens.org/datasets/?refineString=null&timeSpan=null', 'https://www.re3data.org/repository/r3d100012151', 1, 'Repositorium für Daten aus den Bereichen Informatik und Ingenieurwissenschaften', 1, 1, 0, '', 3, 0, 1, 0, '', 0, 0),
(71, 'Clean Energy Project Database (CEPDB)', 1, 'https://cepdb.molecularspace.org/', 'https://www.re3data.org/repository/r3d100010708', 0, 'Referenzdatenbank für organische Halbleiter', 1, 0, 0, '', 3, 0, 1, 1, '', 0, 0),
(72, 'GitHub', 3, 'https://github.com/', 'https://www.re3data.org/repository/r3d100010375', 0, 'Datenbank für Quellcode', 1, 1, 0, '', 3, 1, 1, 1, 'Software', 0, 0),
(73, 'Comprehensive R Archive Network (CRAN)', 2, 'https://cran.r-project.org/', 'https://www.re3data.org/repository/r3d100010411', 1, 'Plattform für Programmierung mit R', 1, 1, 0, '', 3, 0, 1, 0, 'Nachnutzung bezieht sich auf Software, und nicht auf Daten', 0, 0),
(74, 'The Netlib', 2, 'http://www.netlib.org/', 'https://www.re3data.org/repository/r3d100010291', 1, 'Plattform für Rechensoftware', 1, 1, 1, '', 3, 0, 1, 1, '', 0, 0),
(75, 'The Suite Sparse Matrix Collection', 1, 'https://sparse.tamu.edu/', 'https://www.re3data.org/repository/r3d100010208', 1, 'Repositorium für aus realer Anwendungen entstehenden Matrizen', 1, 1, 0, '', 3, 0, 1, 1, '', 0, 0),
(76, 'Banff International Research Station for Mathematical Innovation and Discovery', 1, 'https://open.library.ubc.ca/cIRcle/collections/birs', 'https://www.re3data.org/repository/r3d100011121', 1, 'Repositorium für Videodaten der Mathematik', 1, 1, 0, '', 3, 0, 1, 0, '', 0, 1),
(77, 'Chapman University Digital Commons Datasets', 1, 'https://digitalcommons.chapman.edu/data.html', 'https://www.re3data.org/repository/r3d100012114', 1, 'Allgemeines Repositorium der Chaphman University', 1, 1, 0, '', 3, 0, 1, 0, '', 0, 1),
(78, 'ETH Zürich Research Collection (Online Data & Information Network for Energy)', 1, 'https://www.research-collection.ethz.ch/', 'https://www.re3data.org/repository/r3d100012557', 1, 'Allgemeines Repositorium der ETH Zürich', 1, 1, 0, 'DataCite Metadata Schema,  Dublin Core', 3, 0, 1, 0, '', 1, 1),
(79, 'ODIN', 1, 'https://odin.jrc.ec.europa.eu/odin/index.jsp', 'https://www.re3data.org/repository/r3d100011095', 1, 'Daten zur europäischen Forschung im Bereich der nuklearen und konventionellen Energie', 1, 0, 1, '', 3, 0, 1, 0, 'Registrierung erforderlich', 0, 0),
(80, 'ECHO – Cultural Heritage Online', 1, 'http://echo.mpiwg-berlin.mpg.de/home', 'https://www.re3data.org/repository/r3d100011927', 0, 'Datensammlung zum kulturellen Erbe', 1, 1, 0, 'RDF Data Cube Vocabulary', 3, 0, 1, 1, '', 0, 0),
(81, 'Architectural Fragments from Magnesia on the Maeander', 1, 'http://repository.edition-topoi.org/collection/MAGN', 'https://www.re3data.org/repository/r3d100012390', 1, 'Repositorium der Methoden digitaler Architekturdokumentation', 1, 1, 0, 'DataCite Metadata Schema', 3, 0, 1, 1, '', 0, 0),
(82, 'Monitor of Settlement and Open Space Development (IÖR-Monitor)', 2, 'http://www.ioer-monitor.de/', 'https://www.re3data.org/repository/r3d100012511', 1, 'Repositorium zur Entwicklung von Siedlungs- und Freiflächen in Deutschland des Leibniz-Instituts für ökologische Raumentwicklung', 1, 1, 0, '', 3, 0, 1, 0, '', 0, 0),
(83, 'Psychdata', 2, 'https://www.psychdata.de/', 'https://www.re3data.org/repository/r3d100010328', 0, 'Repositorium für Psychologie und Sozialwissenschaften des Leibniz-Zentrums für Psychologische Information und Dokumentation (ZPID)', 1, 0, 0, 'Dublin Core, DDI - Data Documentation Initiative', 1, 0, 1, 1, 'Registrierung notwendig', 1, 0),
(84, 'Psycharchives', 2, 'https://www.psycharchives.org/', '', 1, 'Repositorium für Open-Access-Inhalte in der Psychologie', 0, 1, 0, '', 1, 0, 1, 1, '', 0, 0),
(85, 'Gesis datorium', 2, 'https://datorium.gesis.org/xmlui/?locale-attribute=en', 'https://www.re3data.org/repository/r3d100011062', 0, 'Sozial- und wirtschaftswissenschaftliche Datenbank', 1, 1, 1, 'DDI - Data Documentation Initiative', 1, 0, 1, 1, '', 0, 1),
(86, 'STRENDA DB (Standards for Reporting Enzymology Data)', 1, 'https://www.beilstein-strenda-db.org/strenda/', 'https://www.re3data.org/repository/r3d100012329', 1, 'Repositorium für die Erstellung von funktionellen Enzymologiedaten des Beilstein Instituts', 1, 1, 0, '', 1, 0, 1, 1, '', 0, 0),
(87, 'PubChem', 2, 'https://pubchem.ncbi.nlm.nih.gov/', 'https://www.re3data.org/repository/r3d100010129', 1, 'Repositorium für chemische Datensätze des National Center for Biotechnology Information (NCBI)', 1, 1, 1, '', 1, 0, 1, 1, '', 0, 1),
(88, 'AEKOS Data Portal (Advanced Ecological and Knowledge Observation System Data Portal)', 1, 'http://www.aekos.org.au/index.html#/home', 'https://www.re3data.org/repository/r3d100011397', 1, 'Daten zu australischen Landpflanzen, Tieren und ihrer Umwelt', 1, 1, 0, '', 1, 0, 1, 1, 'bezieht sich auf Australien', 0, 0),
(89, 'caNanoLab (cancer Nanotechnology Laboratory)', 1, 'https://cananolab.nci.nih.gov/caNanoLab/#/', 'https://www.re3data.org/repository/r3d100010574', 0, 'Repositorium für biomedizinische Nanotechnologie', 1, 1, 0, 'ISA-Tab', 1, 0, 1, 1, '', 0, 0),
(90, 'ChEMBL', 1, 'https://www.ebi.ac.uk/chembl/', 'https://www.re3data.org/repository/r3d100010539', 1, 'Repositorium für chemische Daten', 1, 1, 0, '', 1, 0, 1, 0, '', 0, 0),
(91, 'Harvard Dataverse Project', 2, 'https://dataverse.harvard.edu/', 'https://www.re3data.org/repository/r3d100010051', 0, 'Interdisziplinäres Repositorium mit Fokus auf Wirtschaft und Soziales', 1, 1, 0, 'DDI - Data Documentation Initiative', 3, 0, 1, 1, '', 0, 0),
(92, 'Open Science Framework (OSF)', 2, 'https://osf.io/', 'https://www.re3data.org/repository/r3d100011137', 0, 'Plattform für Software zur Arbeitsablaufunterstützung wissenschaftlicher Arbeiten', 1, 1, 0, '', 2, 1, 1, 1, 'Forschungsbegleitung', 0, 0),
(93, 'DRYAD', 3, 'http://datadryad.org/', 'https://www.re3data.org/repository/r3d100000044', 0, 'Repositorium für Biologie, Chemie und Gesundheit', 1, 1, 0, 'Dublin Core, RDF Data Cube Vocabulary, OAI-ORE - Open Archives Initiative Object Reuse and Exchange', 2, 0, 1, 1, '', 1, 1),
(94, 'EarthChem Portal', 2, 'http://www.earthchem.org/', 'https://www.re3data.org/repository/r3d100010412', 0, 'Repositorium für geochemische Daten', 1, 1, 1, '', 1, 0, 1, 1, 'auch für Software', 0, 1),
(95, 'Environmental Data Initiative Repository (EDI Data Portal)', 1, 'https://portal.edirepository.org/nis/home.jsp', 'https://www.re3data.org/repository/r3d100010272', 0, 'Repositorium für Untersuchungen ökologischer Prozesse', 1, 1, 0, 'EML - Ecological Metadata Language, OAI-ORE - Open Archives Initiative Object Reuse and Exchange, Dublin Core', 3, 0, 1, 1, '', 0, 0),
(96, 'Marine Geoscience Data System (MGDS)', 2, 'http://www.marine-geo.org/index.php', 'https://www.re3data.org/repository/r3d100010273', 0, 'Repositorium für globale Daten der Ozeanographie', 1, 1, 1, ' ISO 19115', 1, 0, 1, 1, '', 0, 0),
(97, 'PANGAEA (Data Publisher for Earth and Environmental Science)', 3, 'https://www.pangaea.de/', 'https://www.re3data.org/repository/r3d100010134', 0, 'Repositorium für georeferenzierte Daten aus der Erdsystemforschung', 1, 1, 0, ' ISO 19115, Dublin Core, DIF - Directory Interchange Format', 1, 0, 1, 1, '', 1, 1),
(98, 'NERC Data Catalogue Service (Natural Environment Research Council DCS)', 2, 'https://csw-nerc.ceda.ac.uk/geonetwork/srv/ger/catalog.search#/home', 'https://www.re3data.org/repository/r3d100010558', 1, 'Plattform zur Suche nach Metadaten', 1, 0, 1, 'ISO 19115', 3, 0, 1, 0, 'Katalog zur Nachnutzung, die entsprechenden Datenzentren sind hier nicht mit als Optionen Dateninput aufgelistet, evtl. aber interessant?', 0, 0),
(99, 'Goddard Earth Sciences Data and Information Services Center (GES DISC)', 2, 'https://daac.gsfc.nasa.gov/', 'https://www.re3data.org/repository/r3d100000036', 1, 'Repositorium für geowissenschaftliche Daten', 1, 0, 1, '', 3, 0, 1, 0, '', 0, 0),
(100, 'NOAA National Climatic Data Center (NCDC)', 1, 'https://www.ncdc.noaa.gov/', 'https://www.re3data.org/repository/r3d100010286', 1, 'Repositorium für Klima- und Wetterdaten', 1, 1, 1, '', 3, 0, 1, 0, '', 0, 0),
(101, 'World Data Center for Climate (WDCC)', 3, 'http://www.wdc-climate.de/', 'https://www.re3data.org/repository/r3d100010299', 1, 'Repositorium für Klimaforschungsdaten mit Fokus auf Europa bzw. Deutschland', 1, 1, 1, 'ISO 19115,  DIF - Directory Interchange Format DataCite Metadata Schema',  , 0, 1, 0, '', 0, 0),
(102, 'UNAVCO', 2, 'https://www.unavco.org/data/data.html', 'https://www.re3data.org/repository/r3d100010872', 1, 'Repositorium für Bewegungsdaten von Gestein, Eis und Wasser', 1, 1, 1, 'ISO 19115', 3, 0, 1, 0, '', 0, 1),
(103, 'B2FIND', 3, 'http://b2find.eudat.eu/', 'https://www.re3data.org/repository/r3d100012377', 1, '"B2FIND is a discovery service based on metadata steadily harvested from research data collections from EUDAT data centres and other repositories. The service offers faceted browsing and it allows in particular to discover data that is stored through the B2SAFE and B2SHARE services. The B2FIND service includes metadata that is harvested from many different community repositories"', 1, 1, 1, '', 1, 0, 1, 0, '', 0, 0),
(104, 'B2SAFE', 1, 'https://www.eudat.eu/b2safe', 'https://www.re3data.org/repository/r3d100011398', 0, '"B2SAFE is a robust, safe and highly available service which allows community and departmental repositories to implement data management policies on their research data across multiple administrative domains in a trustworthy manner. A solution to: provide an abstraction layer which virtualizes large-scale data resources, guard against data loss in long-term archiving and preservation, optimize access for users from different regions, bring data closer to powerful computers for compute-intensive analysis "', 1, 1, 0, '', 1, 0, 0, 1, 'Registrierung notwendig', 1, 0),
(105, 'B2SHARE', 3, 'https://b2share.eudat.eu/', 'https://www.re3data.org/repository/r3d100011394', 1, '"B2SHARE is a user-friendly, reliable and trustworthy way for researchers, scientific communities and citizen scientists to store and share small-scale research data from diverse contexts and disciplines. B2SHARE is able to add value to your research data via (domain tailored) metadata, and assigning citable Persistent Identifiers PIDs (Handles) to ensure long-lasting access and references. B2SHARE is one of the B2 services developed via EUDAT and long tail data deposits do not cost money. Special arrangements such as branding and special metadata elements can be made on request. "', 1, 1, 0, 'other', 1, 1, 1, 1, 'Registrierung notwendig', 0, 0),
(106, 'Zenodo', 3, 'https://zenodo.org/', 'https://www.re3data.org/repository/r3d100010468', 0, '', 1, 1, 0, 'Dublin Core, DataCite', 1, 0, 1, 1, '', 1, 1),
(107, 'Radar', 3, 'https://www.radar-service.eu/en', 'https://www.re3data.org/repository/r3d100012330', 0, '"RADAR is an online service for the archival and publication of research data resulting from completed scientific studies and projects. RADAR is a generic, interdisciplinary service"', 1, 1, 0, 'DataCite', 2, 0, 1, 1, '', 1, 1),
(108, 'Eudat', 3, 'https://www.eudat.eu/', 'https://www.re3data.org/repository/r3d100011395', 1, '"The EUDAT project aims to contribute to the production of a Collaborative Data Infrastructure (CDI). The project´s target is to provide a pan-European solution to the challenge of data proliferation in Europes scientific and research communities"', 1, 1, 1, '', 1, 0, 0, 0, '.', 0, 0),
(109, 'B2DROP', 3, 'https://www.eudat.eu/services/b2drop', '', 0, '', 0, 1, 0, '', 1, 1, 1, 1, '', 0, 0)





-- Einfügen der Tupel für die Relation Fachbereiche

INSERT INTO fachbereich VALUES
(1 ,1 ,0, 0, 0, 0, 0, 0, 1, 0, 0, 0),
(2 ,2 ,1, 1, 1, 1, 1, 1, 1, 1, 1, 1),
(3 ,3 ,0, 0, 0, 1, 1, 1, 0, 0, 0, 0),
(4 ,4 ,1, 1, 1, 1, 1, 1, 1, 1, 1, 1),
(5 ,5 ,0, 1, 1, 0, 1, 0, 0, 0, 0, 0),
(6 ,6 ,1, 1, 1, 0, 1, 0, 0, 0, 0, 0),
(7 ,7 ,0, 0, 0, 0, 1, 1, 0, 0, 0, 0),
(8 ,8 ,0, 0, 1, 0, 1, 1, 0, 0, 0, 0),
(9 ,9 ,0, 0, 0, 0, 1, 0, 0, 0, 0, 0),
(10 ,10 ,0, 0, 0, 0, 1, 0, 0, 0, 0, 0),
(11 ,11 ,0, 0, 1, 0, 1, 0, 0, 0, 0, 0),
(12 ,12 ,0, 0, 0, 0, 0, 0, 0, 1, 1, 0),
(13 ,13 ,1, 1, 1, 0, 1, 1, 0, 0, 0, 0),
(14 ,14 ,1, 0, 0, 0, 0, 0, 0, 0, 0, 0),
(15 ,15 ,1, 0, 0, 0, 0, 0, 1, 0, 0, 1),
(16 ,16 ,0, 0, 0, 0, 1, 0, 0, 0, 0, 0),
(17 ,17 ,1, 1, 1, 1, 1, 1, 0, 1, 0, 1),
(18 ,18 ,0, 0, 1, 0, 1, 0, 0, 0, 0, 0),
(19 ,19 ,1, 1, 1, 0, 1, 1, 0, 1, 0, 1),
(20 ,20 ,1, 1, 1, 1, 1, 1, 1, 1, 1, 1),
(21 ,21 ,1, 1, 1, 1, 1, 1, 1, 1, 1, 1),
(22 ,22 ,0, 0, 1, 0, 1, 0, 0, 1, 0, 0),
(23 ,23 ,0, 0, 0, 1, 1, 1, 0, 0, 0, 0),
(24 ,24 ,1, 0, 0, 1, 0, 1, 0, 0, 0, 0),
(25 ,25 ,0, 0, 0, 0, 1, 0, 0, 0, 0, 0),
(26 ,26 ,0, 0, 0, 0, 1, 0, 0, 0, 0, 0),
(27 ,27 ,0, 0, 0, 0, 1, 0, 0, 0, 0, 0),
(28 ,28 ,0, 0, 0, 0, 1, 0, 0, 0, 0, 0),
(29 ,29 ,0, 0, 0, 1, 1, 1, 0, 0, 0, 0),
(30 ,30 ,0, 0, 0, 0, 1, 0, 0, 0, 0, 0),
(31 ,31 ,0, 0, 0, 0, 1, 0, 0, 0, 0, 0),
(32 ,32 ,0, 0, 0, 0, 1, 0, 0, 0, 0, 0),
(33 ,33 ,1, 1, 1, 0, 1, 1, 0, 1, 0, 1),
(34 ,34 ,0, 0, 0, 1, 0, 1, 0, 0, 0, 0),
(35 ,35 ,1, 1, 1, 1, 1, 1, 1, 1, 1, 1),
(36 ,36 ,0, 0, 0, 1, 1, 0, 0, 0, 0, 0),
(37 ,37 ,1, 0, 0, 0, 1, 0, 0, 0, 0, 0),
(38 ,38 ,1, 1, 1, 1, 1, 1, 1, 1, 1, 1),
(39 ,39 ,0, 0, 1, 0, 1, 0, 0, 1, 0, 0),
(40 ,40 ,0, 0, 1, 0, 1, 0, 0, 1, 0, 0),
(41 ,41 ,0, 0, 0, 0, 0, 1, 0, 0, 0, 0),
(42 ,42 ,0, 0, 1, 0, 1, 0, 0, 1, 0, 0),
(43 ,43 ,1, 1, 1, 1, 1, 1, 1, 1, 1, 1),
(44 ,44 ,1, 1, 1, 1, 1, 1, 1, 1, 1, 1),
(45 ,45 ,0, 0, 0, 1, 1, 1, 0, 0, 0, 0),
(46 ,46 ,1, 0, 0, 0, 0, 0, 0, 0, 0, 0),
(47 ,47 ,1, 1, 1, 1, 1, 1, 1, 1, 1, 1),
(48 ,48 ,1, 1, 0, 0, 0, 0, 0, 0, 0, 0),
(49 ,49 ,1, 0, 0, 0, 0, 0, 0, 0, 0, 0),
(50 ,50 ,1, 0, 0, 0, 0, 0, 0, 0, 0, 0),
(51 ,51 ,0, 0, 1, 0, 0, 0, 0, 1, 0, 1),
(52 ,52 ,1, 1, 1, 1, 1, 1, 1, 1, 1, 1),
(53 ,53 ,1, 0, 0, 0, 0, 0, 0, 0, 0, 0),
(54 ,54 ,0, 0, 1, 0, 1, 0, 0, 1, 0, 0),
(55 ,55 ,0, 0, 0, 0, 0, 0, 1, 0, 0, 0),
(56 ,56 ,0, 0, 0, 0, 0, 0, 1, 0, 0, 0),
(57 ,57 ,0, 0, 0, 0, 0, 0, 1, 0, 0, 0),
(58 ,58 ,0, 0, 0, 0, 0, 0, 1, 0, 0, 0),
(59 ,59 ,0, 0, 0, 0, 0, 0, 1, 0, 0, 0),
(60 ,60 ,0, 0, 0, 0, 0, 0, 1, 0, 0, 0),
(61 ,61 ,0, 0, 0, 0, 0, 0, 1, 0, 0, 0),
(62 ,62 ,0, 0, 0, 0, 0, 0, 1, 0, 0, 0),
(63 ,63 ,0, 0, 0, 1, 0, 1, 1, 0, 0, 0),
(64 ,64 ,0, 0, 0, 1, 0, 1, 1, 0, 0, 0),
(65 ,65 ,0, 0, 0, 0, 0, 0, 1, 0, 0, 1),
(66 ,66 ,0, 0, 0, 0, 0, 0, 1, 0, 0, 0),
(67 ,67 ,0, 0, 0, 0, 0, 0, 1, 0, 0, 0),
(68 ,68 ,0, 0, 0, 0, 0, 0, 1, 0, 0, 0),
(69 ,69 ,0, 0, 0, 0, 0, 0, 1, 0, 0, 0),
(70 ,70 ,1, 0, 1, 0, 1, 1, 0, 1, 0, 1),
(71 ,71 ,0, 0, 0, 0, 1, 0, 0, 0, 0, 1),
(72 ,72 ,1, 1, 1, 1, 1, 1, 1, 1, 0, 1),
(73 ,73 ,1, 1, 0, 0, 0, 1, 0, 0, 0, 0),
(74 ,74 ,1, 1, 0, 0, 0, 0, 0, 0, 0, 0),
(75 ,75 ,0, 1, 0, 0, 0, 0, 0, 0, 0, 0),
(76 ,76 ,0, 1, 0, 0, 0, 0, 0, 0, 0, 0),
(77 ,77 ,1, 1, 1, 0, 1, 0, 1, 1, 0, 1),
(78 ,78 ,1, 1, 1, 0, 1, 0, 1, 1, 0, 1),
(79 ,79 ,0, 0, 0, 0, 1, 0, 0, 0, 0, 1),
(80 ,80 ,0, 0, 0, 0, 0, 0, 0, 0, 1, 0),
(81 ,81 ,0, 0, 0, 0, 0, 0, 0, 1, 1, 0),
(82 ,82 ,0, 0, 0, 1, 0, 0, 1, 1, 1, 0),
(83 ,83 ,0, 0, 0, 0, 0, 0, 1, 0, 0, 0),
(84 ,84 ,0, 0, 0, 0, 0, 0, 1, 0, 0, 0),
(85 ,85 ,0, 0, 0, 0, 0, 0, 1, 0, 0, 0),
(86 ,86 ,0, 0, 0, 0, 1, 0, 0, 0, 0, 0),
(87 ,87 ,0, 0, 0, 0, 1, 0, 0, 0, 0, 0),
(88 ,88 ,0, 0, 0, 1, 0, 1, 0, 0, 0, 0),
(89 ,89 ,0, 0, 0, 0, 1, 0, 0, 0, 0, 0),
(90 ,90 ,0, 0, 0, 0, 1, 0, 0, 0, 0, 0),
(91 ,91 ,0, 0, 0, 1, 0, 0, 1, 0, 0, 0),
(92 ,92 ,1, 1, 1, 1, 1, 1, 1, 1, 1, 1),
(93 ,93 ,0, 0, 0, 1, 1, 0, 0, 0, 0, 0),
(94 ,94 ,0, 0, 0, 1, 1, 1, 0, 0, 0, 0),
(95 ,95 ,0, 0, 0, 1, 1, 1, 0, 0, 0, 0),
(96 ,96 ,0, 0, 0, 1, 0, 1, 0, 0, 0, 0),
(97 ,97 ,0, 0, 0, 1, 0, 1, 0, 0, 0, 0),
(98 ,98 ,0, 0, 0, 1, 0, 1, 0, 0, 0, 0),
(99 ,99 ,0, 0, 0, 1, 0, 1, 0, 0, 0, 0),
(100 ,100 ,0, 0, 0, 1, 0, 1, 0, 0, 0, 0),
(101 ,101 ,0, 0, 0, 1, 0, 1, 0, 0, 0, 0),
(102 ,102 ,0, 0, 0, 1, 0, 1, 0, 0, 0, 0),
(103 ,103 ,1, 1, 1, 1, 1, 1, 1, 1, 1, 1),
(104 ,104 ,1, 1, 1, 1, 1, 1, 1, 1, 1, 1),
(105 ,105 ,1, 1, 1, 1, 1, 1, 1, 1, 1, 1),
(106 ,106 ,1, 1, 1, 1, 1, 1, 1, 1, 1, 1),
(107 ,107 ,1, 1, 1, 1, 1, 1, 1, 1, 1, 1),
(108 ,108 ,1, 1, 1, 1, 1, 1, 1, 1, 1, 1),
(109 ,109 ,1, 1, 1, 1, 1, 1, 1, 1, 1, 1);

INSERT INTO persistent VALUES
(1, 1, 0, 0, 0, 1, 0), 
(2, 2, 1, 0, 0, 0, 0), 
(3, 3, 1, 0, 0, 0, 0), 
(4, 4, 1, 0, 0, 0, 0), 
(5, 5, 1, 0, 0, 0, 0), 
(6, 6, 0, 0, 0, 1, 0), 
(7, 7, 0, 0, 0, 1, 0), 
(8, 8, 1, 0, 0, 0, 0), 
(9, 9, 0, 0, 0, 1, 0), 
(10, 10, 1, 0, 0, 0, 0), 
(11, 11, 1, 1, 0, 0, 0), 
(12, 12, 0, 0, 0, 1, 0), 
(13, 13, 0, 0, 0, 1, 0), 
(14, 14, 0, 0, 0, 1, 0), 
(15, 15, 0, 0, 0, 1, 0), 
(16, 16, 1, 0, 0, 0, 0), 
(17, 17, 1, 0, 0, 0, 0), 
(18, 18, 0, 0, 0, 0, 1), 
(19, 19, 0, 1, 0, 0, 0), 
(20, 20, 1, 0, 0, 0, 0), 
(21, 21, 1, 0, 0, 0, 0), 
(22, 22, 0, 0, 0, 1, 0), 
(23, 23, 1, 0, 0, 0, 0), 
(24, 24, 1, 0, 0, 0, 0), 
(25, 25, 0, 0, 0, 1, 0), 
(26, 26, 0, 0, 0, 1, 0), 
(27, 27, 0, 0, 0, 1, 0), 
(28, 28, 0, 0, 0, 1, 0), 
(29, 29, 0, 0, 0, 1, 0), 
(30, 30, 0, 0, 0, 1, 0), 
(31, 31, 0, 0, 0, 1, 0), 
(32, 32, 0, 0, 0, 1, 0), 
(33, 33, 0, 1, 0, 0, 0), 
(34, 34, 1, 0, 0, 0, 0), 
(35, 35, 0, 0, 0, 1, 0), 
(36, 36, 0, 0, 0, 1, 0), 
(37, 37, 1, 0, 0, 0, 0), 
(38, 38, 1, 0, 0, 0, 0), 
(39, 39, 1, 0, 0, 0, 0), 
(40, 40, 1, 0, 0, 0, 0), 
(41, 41, 0, 0, 0, 1, 0), 
(42, 42, 0, 0, 0, 1, 0), 
(43, 43, 0, 0, 0, 1, 0), 
(44, 44, 1, 0, 0, 0, 0), 
(45, 45, 0, 0, 0, 1, 0), 
(46, 46, 0, 0, 0, 1, 0), 
(47, 47, 1, 1, 0, 0, 0), 
(48, 48, 0, 0, 0, 1, 0), 
(49, 49, 0, 0, 0, 1, 0), 
(50, 50, 1, 0, 0, 0, 0), 
(51, 51, 1, 0, 0, 0, 0), 
(52, 52, 0, 0, 0, 1, 0), 
(53, 53, 0, 0, 0, 1, 0), 
(54, 54, 1, 0, 0, 0, 0), 
(55, 55, 0, 0, 0, 1, 0), 
(56, 56, 0, 0, 0, 1, 0), 
(57, 57, 1, 0, 0, 0, 0), 
(58, 58, 1, 0, 0, 0, 0), 
(59, 59, 0, 0, 0, 1, 0), 
(60, 60, 0, 0, 0, 1, 0), 
(61, 61, 0, 0, 0, 1, 0), 
(62, 62, 0, 0, 0, 1, 0), 
(63, 63, 0, 0, 0, 1, 0), 
(64, 64, 1, 0, 0, 0, 0), 
(65, 65, 1, 0, 0, 0, 0), 
(66, 66, 0, 0, 0, 1, 0), 
(67, 67, 1, 0, 0, 0, 0), 
(68, 68, 0, 0, 0, 1, 0), 
(69, 69, 1, 0, 0, 0, 0), 
(70, 70, 0, 0, 0, 1, 0), 
(71, 71, 0, 0, 0, 1, 0), 
(72, 72, 0, 0, 0, 1, 0), 
(73, 73, 0, 0, 0, 1, 0), 
(74, 74, 0, 0, 0, 1, 0), 
(75, 75, 0, 0, 0, 1, 0), 
(76, 76, 0, 1, 0, 0, 0), 
(77, 77, 0, 0, 0, 1, 0), 
(78, 78, 1, 1, 0, 0, 0), 
(79, 79, 0, 0, 0, 1, 0), 
(80, 80, 0, 0, 0, 1, 0), 
(81, 81, 1, 0, 0, 0, 0), 
(82, 82, 0, 0, 0, 1, 0), 
(83, 83, 1, 0, 0, 0, 0), 
(84, 84, 0, 0, 0, 1, 0), 
(85, 85, 1, 0, 0, 0, 0), 
(86, 86, 1, 0, 0, 0, 0), 
(87, 87, 0, 0, 0, 0, 1), 
(88, 88, 1, 0, 0, 0, 0), 
(89, 89, 0, 0, 0, 1, 0), 
(90, 90, 0, 0, 0, 1, 0), 
(91, 91, 1, 0, 0, 0, 0), 
(92, 92, 1, 0, 1, 0, 0), 
(93, 93, 1, 0, 0, 0, 0), 
(94, 94, 1, 0, 0, 0, 0), 
(95, 95, 1, 0, 0, 0, 0), 
(96, 96, 1, 0, 0, 0, 0), 
(97, 97, 1, 0, 0, 0, 0), 
(98, 98, 1, 0, 0, 0, 0), 
(99, 99, 1, 0, 0, 0, 0), 
(100, 100, 1, 0, 0, 0, 0), 
(101, 101, 1, 1, 0, 0, 0), 
(102, 102, 1, 0, 0, 0, 0), 
(103, 103, 0, 1, 0, 0, 0), 
(104, 104, 0, 1, 0, 0, 0), 
(105, 105, 0, 1, 0, 0, 0), 
(106, 106, 1, 0, 0, 0, 0), 
(107, 107, 1, 0, 0, 0, 0), 
(108, 108, 0, 0, 0, 1, 0), 
(109, 109, 0, 0, 0, 1, 0);


INSERT INTO daten VALUES
(1, 1, 0, 0, 0, 0, 0, 0, 1, 0, 0, 0, 0, 0, 0, 0),
(2, 2, 0, 0, 0, 0, 0, 0, 1, 0, 0, 0, 0, 0, 0, 0),
(3, 3, 1, 1, 1, 1, 1, 0, 0, 0, 0, 1, 0, 0, 0, 0),
(4, 4, 0, 0, 1, 0, 1, 0, 0, 0, 0, 0, 1, 1, 0, 0),
(5, 5, 0, 0, 0, 0, 0, 0, 1, 0, 0, 0, 0, 0, 0, 0),
(6, 6, 0, 0, 1, 0, 1, 0, 0, 0, 1, 0, 0, 0, 1, 0),
(7, 7, 0, 1, 0, 0, 0, 0, 0, 0, 0, 0, 0, 0, 1, 1),
(8, 8, 0, 1, 0, 1, 0, 0, 0, 0, 1, 1, 0, 0, 1, 1),
(9, 9, 1, 1, 1, 0, 0, 0, 0, 0, 0, 0, 0, 0, 1, 0),
(10, 10, 0, 1, 0, 0, 0, 0, 0, 0, 0, 0, 0, 0, 1, 0),
(11, 11, 1, 1, 0, 0, 0, 0, 0, 0, 0, 0, 0, 0, 1, 1),
(12, 12, 1, 0, 0, 1, 0, 0, 0, 0, 0, 0, 0, 1, 0, 0),
(13, 13, 0, 0, 0, 0, 0, 0, 1, 0, 0, 0, 0, 0, 0, 0),
(14, 14, 0, 0, 0, 0, 1, 0, 0, 0, 0, 1, 1, 1, 0, 0),
(15, 15, 1, 0, 1, 1, 0, 0, 0, 0, 0, 0, 0, 0, 1, 0),
(16, 16, 1, 1, 1, 0, 0, 0, 0, 0, 0, 0, 0, 0, 1, 0),
(17, 17, 1, 1, 0, 1, 0, 0, 0, 1, 1, 0, 0, 0, 1, 1),
(18, 18, 1, 1, 1, 0, 0, 0, 0, 0, 0, 0, 0, 0, 1, 1),
(19, 19, 0, 0, 0, 1, 0, 0, 0, 1, 0, 0, 0, 0, 1, 1),
(20, 20, 0, 0, 0, 0, 0, 0, 0, 0, 0, 0, 0, 0, 0, 0),
(21, 21, 1, 1, 1, 1, 0, 0, 0, 1, 1, 0, 0, 1, 1, 0),
(22, 22, 1, 0, 0, 0, 0, 0, 0, 0, 0, 0, 0, 0, 1, 0),
(23, 23, 1, 1, 1, 0, 0, 0, 0, 0, 1, 1, 0, 0, 1, 0),
(24, 24, 1, 1, 0, 1, 0, 0, 0, 0, 1, 0, 0, 0, 1, 1),
(25, 25, 0, 0, 0, 0, 0, 0, 0, 1, 0, 1, 0, 0, 0, 0),
(26, 26, 1, 0, 0, 0, 0, 0, 0, 0, 0, 0, 0, 0, 0, 0),
(27, 27, 0, 0, 1, 0, 0, 0, 0, 0, 1, 0, 0, 0, 1, 0),
(28, 28, 1, 1, 0, 1, 0, 0, 0, 0, 0, 0, 0, 0, 0, 0),
(29, 29, 1, 1, 1, 1, 0, 0, 0, 0, 0, 0, 0, 0, 1, 1),
(30, 30, 1, 1, 1, 1, 1, 0, 0, 0, 1, 0, 0, 0, 1, 1),
(31, 31, 1, 1, 1, 1, 0, 0, 0, 0, 1, 1, 0, 0, 1, 1),
(32, 32, 1, 1, 0, 0, 1, 0, 0, 0, 1, 1, 0, 0, 1, 0),
(33, 33, 1, 1, 0, 0, 1, 0, 0, 1, 0, 0, 0, 0, 1, 0),
(34, 34, 1, 1, 0, 0, 0, 0, 0, 0, 0, 0, 0, 0, 1, 1),
(35, 35, 1, 1, 0, 1, 1, 0, 0, 0, 0, 0, 0, 0, 1, 1),
(36, 36, 0, 1, 0, 0, 0, 0, 0, 0, 0, 0, 0, 0, 0, 1),
(37, 37, 0, 0, 0, 0, 1, 0, 0, 1, 0, 1, 0, 0, 1, 0),
(38, 38, 1, 1, 0, 1, 0, 0, 0, 0, 0, 0, 0, 0, 1, 0),
(39, 39, 0, 0, 0, 1, 0, 0, 0, 0, 0, 1, 0, 0, 0, 0),
(40, 40, 0, 0, 0, 0, 0, 0, 0, 0, 0, 0, 0, 0, 1, 0),
(41, 41, 1, 0, 1, 0, 0, 0, 0, 0, 1, 1, 0, 0, 1, 0),
(42, 42, 0, 0, 0, 0, 0, 0, 1, 0, 0, 0, 0, 0, 0, 0),
(43, 43, 0, 0, 0, 0, 0, 0, 1, 0, 0, 0, 0, 0, 0, 0),
(44, 44, 0, 0, 0, 0, 0, 0, 1, 0, 0, 0, 0, 0, 0, 0),
(45, 45, 0, 0, 0, 0, 0, 0, 1, 0, 0, 0, 0, 0, 0, 0),
(46, 46, 0, 0, 0, 0, 0, 0, 1, 0, 0, 0, 0, 0, 0, 0),
(47, 47, 0, 0, 0, 0, 0, 0, 1, 0, 0, 0, 0, 0, 0, 0),
(48, 48, 0, 0, 0, 0, 0, 0, 1, 0, 0, 0, 0, 0, 0, 0),
(49, 49, 0, 0, 0, 0, 0, 0, 1, 0, 0, 0, 0, 0, 0, 0),
(50, 50, 0, 0, 0, 0, 0, 0, 1, 0, 0, 0, 0, 0, 0, 0),
(51, 51, 0, 0, 0, 0, 0, 0, 1, 0, 0, 0, 0, 0, 0, 0),
(52, 52, 0, 0, 0, 0, 0, 0, 1, 0, 0, 0, 0, 0, 0, 0),
(53, 53, 0, 0, 0, 0, 0, 0, 1, 0, 0, 0, 0, 0, 0, 0),
(54, 54, 0, 0, 0, 0, 0, 0, 1, 0, 0, 0, 0, 0, 0, 0),
(55, 55, 0, 0, 0, 0, 0, 0, 1, 0, 0, 0, 0, 0, 0, 0),
(56, 56, 0, 0, 0, 0, 0, 0, 1, 0, 0, 0, 0, 0, 0, 0),
(57, 57, 0, 0, 0, 0, 0, 0, 1, 0, 0, 0, 0, 0, 0, 0),
(58, 58, 0, 0, 0, 0, 0, 0, 1, 0, 0, 0, 0, 0, 0, 0),
(59, 59, 0, 0, 0, 0, 0, 0, 1, 0, 0, 0, 0, 0, 0, 0),
(60, 60, 0, 0, 0, 0, 0, 0, 1, 0, 0, 0, 0, 0, 0, 0),
(61, 61, 0, 0, 0, 0, 0, 0, 1, 0, 0, 0, 0, 0, 0, 0),
(62, 62, 0, 0, 0, 0, 0, 0, 1, 0, 0, 0, 0, 0, 0, 0),
(63, 63, 0, 0, 0, 0, 0, 0, 1, 0, 0, 0, 0, 0, 0, 0),
(64, 64, 0, 0, 0, 0, 0, 0, 1, 0, 0, 0, 0, 0, 0, 0),
(65, 65, 0, 0, 0, 0, 0, 0, 1, 0, 0, 0, 0, 0, 0, 0),
(66, 66, 0, 0, 0, 0, 0, 0, 1, 0, 0, 0, 0, 0, 0, 0),
(67, 67, 0, 0, 0, 0, 0, 0, 1, 0, 0, 0, 0, 0, 0, 0),
(68, 68, 0, 0, 0, 0, 0, 0, 1, 0, 0, 0, 0, 0, 0, 0),
(69, 69, 0, 0, 0, 0, 0, 0, 1, 0, 0, 0, 0, 0, 0, 0),
(70, 70, 0, 0, 0, 0, 0, 0, 1, 0, 0, 0, 0, 0, 0, 0),
(71, 71, 0, 0, 0, 0, 0, 0, 1, 0, 0, 0, 0, 0, 0, 0),
(72, 72, 0, 0, 0, 0, 0, 0, 1, 0, 0, 0, 0, 0, 0, 0),
(73, 73, 0, 0, 0, 0, 0, 0, 1, 0, 0, 0, 0, 0, 0, 0),
(74, 74, 0, 0, 0, 0, 0, 0, 1, 0, 0, 0, 0, 0, 0, 0),
(75, 75, 0, 0, 0, 0, 0, 0, 1, 0, 0, 0, 0, 0, 0, 0),
(76, 76, 0, 0, 0, 0, 0, 0, 1, 0, 0, 0, 0, 0, 0, 0),
(77, 77, 0, 0, 0, 0, 0, 0, 1, 0, 0, 0, 0, 0, 0, 0),
(78, 78, 0, 0, 0, 0, 0, 0, 1, 0, 0, 0, 0, 0, 0, 0),
(79, 79, 0, 0, 0, 0, 0, 0, 1, 0, 0, 0, 0, 0, 0, 0),
(80, 80, 0, 0, 0, 0, 0, 0, 1, 0, 0, 0, 0, 0, 0, 0),
(81, 81, 0, 0, 0, 0, 0, 0, 1, 0, 0, 0, 0, 0, 0, 0),
(82, 82, 0, 0, 0, 0, 0, 0, 1, 0, 0, 0, 0, 0, 0, 0),
(83, 83, 1, 0, 0, 0, 0, 0, 0, 0, 0, 0, 0, 0, 1, 0),
(84, 84, 0, 0, 0, 0, 0, 0, 1, 0, 0, 0, 0, 0, 0, 0),
(85, 85, 1, 0, 1, 1, 0, 0, 0, 0, 0, 0, 0, 0, 1, 0),
(86, 86, 1, 0, 0, 0, 0, 0, 0, 0, 0, 0, 0, 0, 1, 1),
(87, 87, 1, 1, 1, 1, 0, 0, 0, 0, 0, 1, 0, 0, 1, 1),
(88, 88, 1, 1, 0, 0, 0, 0, 0, 0, 0, 0, 0, 0, 1, 0),
(89, 89, 0, 0, 0, 1, 0, 0, 0, 0, 0, 0, 0, 0, 1, 0),
(90, 90, 0, 0, 1, 0, 0, 0, 0, 0, 0, 0, 1, 0, 0, 1),
(91, 91, 1, 0, 0, 1, 1, 0, 0, 0, 1, 1, 0, 1, 1, 0),
(92, 92, 1, 0, 0, 0, 0, 0, 0, 0, 0, 0, 0, 0, 1, 0),
(93, 93, 1, 0, 0, 0, 1, 0, 0, 0, 0, 0, 0, 1, 1, 1),
(94, 94, 1, 1, 0, 0, 0, 0, 0, 0, 0, 0, 0, 0, 1, 1),
(95, 95, 1, 1, 1, 1, 0, 0, 0, 0, 1, 0, 0, 0, 1, 1),
(96, 96, 1, 1, 1, 1, 0, 0, 0, 1, 1, 1, 0, 0, 1, 1),
(97, 97, 0, 1, 0, 0, 0, 0, 0, 1, 1, 0, 0, 0, 1, 0),
(98, 98, 0, 1, 0, 1, 0, 0, 0, 1, 1, 0, 0, 0, 1, 0),
(99, 99, 0, 0, 0, 1, 1, 0, 0, 0, 0, 0, 0, 0, 0, 0),
(100, 100, 0, 1, 0, 0, 0, 0, 0, 0, 0, 0, 0, 0, 0, 1),
(101, 101, 1, 1, 1, 0, 0, 0, 0, 0, 1, 1, 0, 0, 1, 1),
(102, 102, 1, 1, 0, 1, 0, 0, 0, 0, 0, 0, 0, 0, 0, 0),
(103, 103, 0, 0, 0, 0, 0, 0, 1, 0, 0, 0, 0, 0, 0, 0),
(104, 104, 0, 0, 0, 0, 0, 0, 1, 0, 0, 0, 0, 0, 0, 0),
(105, 105, 0, 0, 0, 0, 0, 0, 1, 0, 0, 0, 0, 0, 0, 0),
(106, 106, 0, 0, 0, 0, 0, 0, 1, 0, 0, 0, 0, 0, 0, 0),
(107, 107, 0, 0, 0, 0, 0, 0, 1, 0, 0, 0, 0, 0, 0, 0),
(108, 108, 0, 0, 0, 0, 0, 0, 1, 0, 0, 0, 0, 0, 0, 0),
(109, 109, 0, 0, 0, 0, 0, 0, 1, 0, 0, 0, 0, 0, 0, 0);

    
  

